text,cleaned_text,agg_labels
" as much as i love to be hopeful, i reckon the chances are minimal =P i`m never gonna get my cake and stuff",much love hopeful reckon chances minimal p im never gon na get cake stuff,2
is back home now      gonna miss every one,back home gon na miss every one,2
" Ahhh, I slept through the game.  I`m gonna try my best to watch tomorrow though. I hope we play Army.",ahhh slept game im gon na try best watch tomorrow though hope play army,2
egh blah and boooooooooooo i dunno wanna go to work  HANGOVERS SUCKKKKKK Im a drunk mess!,egh blah boooooooooooo dunno wan na go work hangovers suckkkkkk im drunk mess,2
"i lost all my friends, i`m alone and sleepy..i wanna go home",lost friends im alone sleepyi wan na go home,2
Yay playing a show tonight! Boo it`s gonna soggy and I`m at work right before playing,yay playing show tonight boo gon na soggy im work right playing,2
 lucky kid...i so wanna see loserville  pity im in oz....,lucky kidi wan na see loserville pity im oz,2
waiting for sleeping pills to kick in... gonna be so tired at work tomorrow,waiting sleeping pills kick gon na tired work tomorrow,2
Gonna read a story bout adam lambert online then bed. Nighty night,gon na read story bout adam lambert online bed nighty night,2
"It`s a Peter & Gordon morning  -> And I, go to pieces and I wanna hide / Go to pieces and I almost die / Ever... ? http://blip.fm/~5yk38",peter gordon morning go pieces wan na hide go pieces almost die ever httpblipfmyk,2
Gonna celebrate Mothers Day with the family but gonna start the partying tonite,gon na celebrate mothers day family gon na start partying tonite,2
" ohoh i missed all ur tweets  im gonna have to stay awake all night to see the announcement now, **** time difference",ohoh missed ur tweets im gon na stay awake night see announcement time difference,2
"Woke Up,I Wanna Stay In My bed",woke upi wan na stay bed,2
yeah.... and im gonna take ur picture off my ipod baby..,yeah im gon na take ur picture ipod baby,2
 AWWWW  we`re gonna miss you!,awwww gon na miss,2
"sigh, my sisters bein strange.. she came all the way from copenhagen to london, and now her phones turned off.. i wanna see her dammit",sigh sisters bein strange came way copenhagen london phones turned wan na see dammit,2
I`m getting me & my family ready for Kaylee`s graduation! It`s gonna make me so sad.,im getting family ready kaylees graduation gon na make sad,2
Gotta get creative with these mothers day gifts. I`m gonna win them over with my love!!,got ta get creative mothers day gifts im gon na win love,2
Thinks its gonna rain,thinks gon na rain,2
"Didn`t get bitten by a rabies infested person last night  yay for me! Gonna scare Rachel with Quarantine tonight, this shall be fun",didnt get bitten rabies infested person last night yay gon na scare rachel quarantine tonight shall fun,2
its too early  i wanna go back to sleeep,early wan na go back sleeep,2
sitting at home doing nothing. gonna be like this all weekend,sitting home nothing gon na like weekend,2
 ohhh i wanna go  gahhh but i dunnooooooo :S me confuzzzledd should i or not???,ohhh wan na go gahhh dunnooooooo confuzzzledd,2
Ugh! I wanna play dnd but i know i`m going to fail this final. I NEED to study,ugh wan na play dnd know im going fail final need study,2
has just finished ironing his clothes for #Church. Gonna walk the dog now then grab a shower/shave and be off  #jottonia looks good too,finished ironing clothes church gon na walk dog grab showershave jottonia looks good,2
Going to the courthouse to pay for tags & taxes on all our cars...this is gonna be expensive.,going courthouse pay tags taxes carsthis gon na expensive,2
 ugggh idk how to do that  but i only wanna stop getting texts from twitterr  -ilsE*,ugggh idk wan na stop getting texts twitterr ilse,2
"Baby baby, it`s gonna be all right when I`m by your side and the whole world turns against you... I ? it when my Ipod randoms BSB songs",baby baby gon na right im side whole world turns ipod randoms bsb songs,2
today Jon Doe plays at the Moho. ia m excited  itï¿½s gonna be funny.. but before i have to carry all the equipment and do the backline,today jon doe plays moho ia excited gon na funny carry equipment backline,2
okie gonna tweet more because i am loosing you guys or girls,okie gon na tweet loosing guys girls,2
 i need to get tickets though  idk how that is gonna happen,need get tickets though idk gon na happen,2
I`m saying my goodbye to my car for the next 2 weeks  I`m gonna miss it!!  Its going to come back beautiful though!!,im saying goodbye car next weeks im gon na miss going come back beautiful though,2
what am i gonna do when my iphone is full!,gon na iphone full,2
 Whom do yu wanna kill ??,yu wan na kill,2
 5 seasons that`s it? Sorry just noticed in ur previous update. My sis isn`t gonna be happy,seasons thats sorry noticed ur previous update sis isnt gon na happy,2
I wanna go to the Borgata tonight if Rich is playing.,wan na go borgata tonight rich playing,2
"is back from the park and is very sunburnt  cant wait 4  2night,and is gonna get smashed..bein sober jst wnt b as fun!",back park sunburnt cant wait nightand gon na get smashedbein sober jst wnt b fun,2
 yea he said brooke`s gonna come over to record today!  !,yea said brookes gon na come record today,2
" yes unfuzzy, i prefer the fuzzy me and clear caleb..  wanna turn back the clock!",yes unfuzzy prefer fuzzy clear caleb wan na turn back clock,2
just got back from my exam... im surely gonna fail...now trying 2 get tickets 4 il divo! someone doesnt want us 2b there!!!,got back exam im surely gon na failnow trying get tickets il divo someone doesnt want us b,2
 I wanna watch that movie again. Maybe that dvd will work in my laptop since Dawson`s Creek doesn`t,wan na watch movie maybe dvd work laptop since dawsons creek doesnt,2
 yeah the weather ruined my plans too  i was gonna beach it up as well,yeah weather ruined plans gon na beach well,2
"Going out to Miranda shopping centre to spend time with the family, before going away for 2 weeks to Malaysia. Gonna miss them!",going miranda shopping centre spend time family going away weeks malaysia gon na miss,2
Wanna go out,wan na go,2
 is it? :O im gonna get that,im gon na get,2
 omgggg!! Hawaii!! That`s amazing!! I wanna live there,omgggg hawaii thats amazing wan na live,2
well i`m gonna go now.  goodbye all.,well im gon na go goodbye,2
" What up Lisa, sorta quiet... I`m USA, so gonna crash soon.",lisa sorta quiet im usa gon na crash soon,2
i dont know what gonna do on my lame fridaay  maybe see me with my besties!!,dont know gon na lame fridaay maybe see besties,2
_**** not as yet... i would just like to know if its okay for your mum before ask my mumm  hopefuly there gonna tell us soon!!!,yet would like know okay mum ask mumm hopefuly gon na tell us soon,2
hope schools gonna be good tomorrow,hope schools gon na good tomorrow,2
 I wanna go but my car not here...,wan na go car,2
I was gonna get off at 230 2day. Just found out I`m stayin til 630,gon na get day found im stayin til,2
i wanna go vivid light walk,wan na go vivid light walk,2
 I KNOW! I love Nicholas Braun & I think he`ll make an okay Cameron but I don`t wanna see it either,know love nicholas braun think hell make okay cameron dont wan na see either,2
 ahh! Yay!  so you`re gonna get it?,ahh yay youre gon na get,2
" Im not getting any treatments, we are just gonna hang out at the pool and the hot tubs.",im getting treatments gon na hang pool hot tubs,2
gonna do laundry....never did laundry @ a hotel before.....I miss you R.....even though you ignore me and don even check on me....,gon na laundrynever laundry hotel beforei miss reven though ignore even check,2
I don`t wanna go back to work   sleepy time.,dont wan na go back work sleepy time,2
T-bone`s gone to sleep... Think we`re gonna join him,tbones gone sleep think gon na join,2
 baby I`m in maryland I`m NOT gonna make it  BUT I will see ur sexy **** next sat in camden VIP....come early n hang!!!!!,baby im maryland im gon na make see ur sexy next sat camden vipcome early n hang,2
was gonna go to my brothers show but still feeling like poo :**(,gon na go brothers show still feeling like poo,2
finally gonna get sum sleep  that concert was crazy!!! God Bless those ministers!!!,finally gon na get sum sleep concert crazy god bless ministers,2
"My Boy is leaving for the Summer, Going to stay with the Grandparents.. I`m gonna miss him!!",boy leaving summer going stay grandparents im gon na miss,2
 awwww wat i was gonna buy myself something pretty  nvm,awwww wat gon na buy something pretty nvm,2
 is it true you have a part in Neighbours?? I have been brought up watching that show..I wanna be on it,true part neighbours brought watching showi wan na,2
"i wanna do something tonight, but that doesnt look very promising",wan na something tonight doesnt look promising,2
Getting to play golf with our kickin` Leadership Team...I have a feeling they r gonna kick me on the golf course,getting play golf kickin leadership teami feeling r gon na kick golf course,2
"i miss him  ALOT but im not gonna talk to him, i HOPE",miss alot im gon na talk hope,2
  it sucks no matter where you are! I`m gonna freakin be late for work!,sucks matter im gon na freakin late work,2
 i dunno what i`m gonna do. i love my skinny jeans!,dunno im gon na love skinny jeans,2
" No prob, skittles we always gonna have yall`s backs. The true sweeties dont play.. LOL But yea we just got heated. We sry",prob skittles always gon na yalls backs true sweeties dont play lol yea got heated sry,2
 LOL freakinggg I worse a lookse shirt and shorts and sandals and it looks like its gonna rain outside  boo yahoo wearther,lol freakinggg worse lookse shirt shorts sandals looks like gon na rain outside boo yahoo wearther,2
I wanna go see the cab really bad.,wan na go see cab really bad,2
To eat or not to eat? Its gonna be my last meal for the next 2 weeks.,eat eat gon na last meal next weeks,2
Gonna miss my gurl while shes on her honeymoon,gon na miss gurl shes honeymoon,2
 i wanna join the twit Club......,wan na join twit club,2
dont wanna cry  but the seniors are out there graduating&its breakin my heart;but im home,dont wan na cry seniors graduatingits breakin heartbut im home,2
"Wanna know a not fun way to wake up? Having a panic attack and not being able to breath for no **** reason, that **** sucked",wan na know fun way wake panic attack able breath reason sucked,2
 just showin some love to ya. and i`m really gonna miss Greg Beeman`s directing next season. ya`ll`s commentaries r so funny,showin love ya im really gon na miss greg beemans directing next season yalls commentaries r funny,2
 It`s Star Wars day?! Urgh I`m gonna have to get the videos out,star wars day urgh im gon na get videos,2
 I`m gonna miss the show  at whitby for the weekend! btw i love your show! Radio 1 is always on! ly x,im gon na miss show whitby weekend btw love show radio always ly x,2
_zorz_peep count yourself lucky i was gonna say the OTHER word instead...and rsvp...sorry i cant come to ur birthday...day?,zorzpeep count lucky gon na say word insteadand rsvpsorry cant come ur birthdayday,2
I just wanna be better already,wan na better already,2
I loveeee NY! Getting breakfast then gonna go mimis I`m sooo tiredddd! missing him ODeeee! Love you,loveeee ny getting breakfast gon na go mimis im sooo tiredddd missing odeeee love,2
you wanna know what`s worse... my coworker just brewed a fresh cup of coffee and all I can think about is bacon,wan na know whats worse coworker brewed fresh cup coffee think bacon,2
 I was gonna text u and ask what puff meant!!,gon na text u ask puff meant,2
" Yep, exactly   And I`m really sad about this tour...I know I`m gonna cry at my last M&G....",yep exactly im really sad touri know im gon na cry last mg,2
I`m Having a Baby Girl! (In the next 17 Days!) I think I`m gonna keep this handy  http://budurl.com/f9p5 Funny Stuff!,im baby girl next days think im gon na keep handy httpbudurlcomfp funny stuff,2
 when are u gonna host Saturday night live!! i`ve been waiting for like 2 yearsssssss!!,u gon na host saturday night live ive waiting like yearsssssss,2
 Actually I think the NA release date was confirmed for September so it`s a bit more of a wait.,actually think na release date confirmed september bit wait,2
"7846 - almost catching  up, so gonna kick her ****, and woop i will b joing the 10k mile high club soon",almost catching gon na kick woop b joing k mile high club soon,2
 **** how you not gonna follow me son?,gon na follow son,2
"I wanna go home, but I can`t cause the customers won`t leave... And my boss won`t let me leave either",wan na go home cant cause customers wont leave boss wont let leave either,2
 were gonna go crazy before you leave,gon na go crazy leave,2
 http://twitpic.com/4fzo7 - you both have so beatiful eyes  i wanna have them,httptwitpiccomfzo beatiful eyes wan na,2
Down again   seems like it never gonna stop and I`ll never get what i want,seems like never gon na stop ill never get want,2
 ... I think I`m gonna fail aswel!,think im gon na fail aswel,2
"_reality ****, you`re gonna feel that tomorrow, or tonight. Coffee = laxative.  How`s the writing coming?",reality youre gon na feel tomorrow tonight coffee laxative hows writing coming,2
"Everyone going to the hometown show is excited they get to go on Thames Street. I`M GONNA SEE THE ORIGINAL THAMES RIVER, ****. ohhhh.",everyone going hometown show excited get go thames street im gon na see original thames river ohhhh,2
"Not gonna lie, i`m going to miss high school lunches. A lot. ****.",gon na lie im going miss high school lunches lot,2
 that would be most ideal. However...now I dont see myself leaving before 3  Gonna have to take a rain check,would ideal howevernow dont see leaving gon na take rain check,2
" I never know whether they include me. Just straight white men, right? I wanna be part of the problem too.",never know whether include straight white men right wan na part problem,2
"has applied for OSAP yet again- God, I`m gonna owe major $$$ by the end of my academic career, this just ain`t right!!",applied osap yet god im gon na owe major end academic career aint right,2
Watching Scrubs season 2. Oh I`m gonna miss that show,watching scrubs season oh im gon na miss show,2
'i wanna go to prom one day   'i wish U can go with me 2 my prom even though im not a guy.but thatwouldmake1of myFRIENDS happy,wan na go prom one day wish u go prom even though im guybut thatwouldmakeof myfriends happy,2
The arrival of cargo Red G5 to Toronto has been postponed til tomorrow afternoon.  gonna miss my lil bro`s bday...he`s been waiting 4 me!,arrival cargo red g toronto postponed til tomorrow afternoon gon na miss lil bros bdayhes waiting,2
My baby is going to her first sleepover tonight   I`m gonna need a lot of wine to get me through today,baby going first sleepover tonight im gon na need lot wine get today,2
 yeah i did  i remember it na....... i did watch it before ),yeah remember na watch,2
i wanna watch PCD concert dad,wan na watch pcd concert dad,2
i wanna be in michi with my moma!! Love you Mom,wan na michi moma love mom,2
" I wanna go, but I so freaking broke   Have fun for me",wan na go freaking broke fun,2
 lol I really wanna go there!! Imma check the vid out rite now,lol really wan na go imma check vid rite,2
i dont wanna miss the laker game tonight! i`m so sad,dont wan na miss laker game tonight im sad,2
"AC is broke at the house. waiting to get an estimate on timeframe to repair. on the bright side, gonna join CoLab this week.",ac broke house waiting get estimate timeframe repair bright side gon na join colab week,2
When are  gonna release another album already?!? I miss them,gon na release another album already miss,2
Goin to the mall and gonna see the movie ghost of gfs past i hope its good and top it all im goin alone  but ilook cute and feel good ^^,goin mall gon na see movie ghost gfs past hope good top im goin alone ilook cute feel good,2
wellity! i think ima gonna clean my room :| ****. i need to read a good book. sense and sensibility here we come! BEAT THE LILY,wellity think ima gon na clean room need read good book sense sensibility come beat lily,2
"I Can`t do 30 minutes of Treadmill  but done 30 minutes for today already, gonna do 20 minutes more",cant minutes treadmill done minutes today already gon na minutes,2
"wanna b marie antoinette, cos she had perfect hairdo, fab clothes, n tons of macarons.  Crappy day",wan na b marie antoinette cos perfect hairdo fab clothes n tons macarons crappy day,2
Gonna go to my aunts party. It`s gonna be a late night thing so hopfully I can get up for school tomorrow!,gon na go aunts party gon na late night thing hopfully get school tomorrow,2
fo shizzle. . . i`m bored and wanna go do something.  wish i went to pisay today. oh wellz. wonder who were there.,fo shizzle im bored wan na go something wish went pisay today oh wellz wonder,2
Eh they shut the freeway down! omw to a job interview so i guess i`m gonna be late,eh shut freeway omw job interview guess im gon na late,2
"I WANNA GO THERE, WHERE YOU GO. I WANNA FIND OUT WHAT YOU KNOW..     DAVID AND MILEYYYYYY! ??",wan na go go wan na find know david mileyyyyyy,2
so bryan was at the sweet 15 and i didnt think we were gonna talk but towards the end of the night we talked,bryan sweet didnt think gon na talk towards end night talked,2
"ok, son in bath, so gonna see if I can find some quick quotes.  Gonna miss ya`ll this weekend. I`m already gettin sad",ok son bath gon na see find quick quotes gon na miss yall weekend im already gettin sad,2
"gooooooood night, cant believe tomoroo is cancelled!  but still gonna be a giid night, GNI cant beat them!",gooooooood night cant believe tomoroo cancelled still gon na giid night gni cant beat,2
" Ntah, I really wanna be there",ntah really wan na,2
 gimme some ! i wanna try it   (Soulja Boy Tell `Em LIVE live > http://ustre.am/2UhS),gim wan na try soulja boy tell em live live httpustreamuhs,2
im gonna fail this test miserably in history,im gon na fail test miserably history,2
"  we`re gonna miss you. dont worry, there will be more for sure!",gon na miss dont worry sure,2
This 'Monarchy' is gonna bleed ALL of us dry! We are nothing more than slaves to the pigs in D.C. I don`t reconize my country anymore!,monarchy gon na bleed us dry nothing slaves pigs dc dont reconize country anymore,2
We`re not gonna be able to talk again,gon na able talk,2
 im sorry. i dont wanna cuz of how u act. u just turn right around and ignore me and all that,im sorry dont wan na cuz u act u turn right around ignore,2
" hah yeah, its that bad, not gonna lie. :o Have fun",hah yeah bad gon na lie fun,2
 aww tessy wanna hug?,aww tessy wan na hug,2
"Next thing to do tomorrow morning: Temperature Check! It`s gonna be a routine till Swine Flu dies. Good Night, everyone!",next thing tomorrow morning temperature check gon na routine till swine flu dies good night everyone,2
Ahh I`m so confused  what can I do? I don`t wanna run away but can I really handle a real relationship? What is love anyways.. False hope!,ahh im confused dont wan na run away really handle real relationship love anyways false hope,2
Feel hurt. in car. gonna watch a funny movie. someone talk,feel hurt car gon na watch funny movie someone talk,2
When we got more followers we gonna have a competition.Hope you all look forward !,got followers gon na competitionhope look forward,2
i dont wanna do this anymore! but the couch is jus sittin in the middle of the floor. do i really HAVE to finish?,dont wan na anymore couch jus sittin middle floor really finish,2
" Good luck  I wanna see them again too. I waited outside by their buses to see them before, no autographs tho!",good luck wan na see waited outside buses see autographs tho,2
"  I`m soo sad. It`s just on the edges of the pages, but it`s not gonna come out. *cries*",im soo sad edges pages gon na come cries,2
Now i cant find him  Gonna be a sleepless night tonight,cant find gon na sleepless night tonight,2
i wanna watch tormented. it`s showing on May 22,wan na watch tormented showing may,2
 Awesome! that`s how I wanna roll when I become mogul status,awesome thats wan na roll become mogul status,2
_ i wanna go to the pub,wan na go pub,2
Gonna go drop some logs in the pool  back in 15 min,gon na go drop logs pool back min,2
"i`m thinking that tonight`s plans are not gonna happen. sigh...sadface. i shouldn`t be surprised, but i am.",im thinking tonights plans gon na happen sighsadface shouldnt surprised,2
" yeah, it`s gonna be rubbish!",yeah gon na rubbish,2
 I can`t Vote 4 u a the MTV movie awards. There is no vote button. Is it cause i live in sweden? I wanna vote 4 u 2  u rock xo,cant vote u mtv movie awards vote button cause live sweden wan na vote u u rock xo,2
" get better omg i still dont believe that i didn`tgot a picture with you  it`s soo sad, i don`t now when i`m gonna see u again",get better omg still dont believe didntgot picture soo sad dont im gon na see u,2
needs to see a band live.. **** Blink for not coming to the UK this year!  ..anyone wanna go see Billy Bragg or Colin Blunstone with me?,needs see band live blink coming uk year anyone wan na go see billy bragg colin blunstone,2
I was sleeping soo good but just woke up like 10 mins ago n got sick  not feeling so great. I wanna go back to sleep but I`m wide awake.,sleeping soo good woke like mins ago n got sick feeling great wan na go back sleep im wide awake,2
Watching Ryann!!  Gonna be a grand day!!!,watching ryann gon na grand day,2
" did some research, but couldn`t find the specific thing which i wanna do with this drive`s autorun",research couldnt find specific thing wan na drives autorun,2
 I lluuvv u too..  ahhh im gonna miss u evenn moreee! lol,lluuvv u ahhh im gon na miss u evenn moreee lol,2
" - I`m hoping these pills will do something, cuz I`m gonna go nuts",im hoping pills something cuz im gon na go nuts,2
Is gonna go for a shower  goin to see hannah Montana laterz woo well excited,gon na go shower goin see hannah montana laterz woo well excited,2
Just got Back from the Gym Wanna chat with some new people  Lets talk! haha,got back gym wan na chat new people lets talk haha,2
p.s.  thought you were gonna follow me back on twit-har ?,ps thought gon na follow back twithar,2
" MANDY!!!  IT WON`T LET ME VOTE  I WANT HER TO WIN BUT I CAN`T HELP, I AM GONNA JUMP OFF A BRIDGE (KIDDING) BUT THIS SUX",mandy wont let vote want win cant help gon na jump bridge kidding sux,2
 well I ran out of beer so I left. Not sure about the ETA. Waiting waiting waiting. Bleh  Gonna be a long nite methinks.,well ran beer left sure eta waiting waiting waiting bleh gon na long nite methinks,2
 I`m bummed...you`re gonna be only 30 minutes from me on Sunday & I can`t come hear ya.,im bummedyoure gon na minutes sunday cant come hear ya,2
off to bed was gonna read some new moon but its a little late now  night night all ****,bed gon na read new moon little late night night,2
"Hi, i was just getting up now so i tought i could write something. Today i`m gonna go shopping! Soo fun, isn`****?",hi getting tought could write something today im gon na go shopping soo fun,2
My best friend is away at special olympics . She said she was gonna bring me .,best friend away special olympics said gon na bring,2
  ugh headache   i just wanna go home,ugh headache wan na go home,2
Wanna see Up in 2D but everyone wants to see it in 3D,wan na see everyone wants see,2
My paradise fly catchers abandoned their nest....  they are starting again... but it`s gonna b tough,paradise fly catchers abandoned nest starting gon na b tough,2
"Very bored. All day, no one 2 talk 2. Missing my BF (and his kisses). Hols almost over,  don`t wanna go back 2 skool.",bored day one talk missing bf kisses hols almost dont wan na go back skool,2
"Next movies for me : Terminator Salvation and Transformers 2, gonna be a meka spring this year",next movies terminator salvation transformers gon na meka spring year,2
"Rose Romance is released here on Thursday, gonna get me some BPs",rose romance released thursday gon na get bps,2
" Ooooh, I`m jealous  I might try and get some for the saturday but I have an exam on the monday that Im gonna fail",ooooh im jealous might try get saturday exam monday im gon na fail,2
"** gifts & honesty box messages has been discontinued due to abuse ** - hehe, dalï¿½ï¿½ facebookovï¿½ aplikace na hovno",gifts honesty box messages discontinued due abuse hehe dal facebookov aplikace na hovno,2
 I wanna be drinking at the pub,wan na drinking pub,2
School Over!!! I`m gonna miss a bunch of people,school im gon na miss bunch people,2
"I woke up at 5:45. Didn`t have a full bladder, wasn`t sick... And to top it off, I went for a run. Now I wanna go back to bed",woke didnt full bladder wasnt sick top went run wan na go back bed,2
"My three-day weekend starts now.  Was gonna watch Star Trek, but opted to go another night instead.",threeday weekend starts gon na watch star trek opted go another night instead,2
watching Please Twins.  gonna make some Iced Tea :-bd,watching please twins gon na make iced tea bd,2
I wanna roc wit`chu . Imy buu,wan na roc witchu imy buu,2
i don`t wanna work over the weekend,dont wan na work weekend,2
i`m worried because something bad happened today and i don`t know what`s gonna happen next.,im worried something bad happened today dont know whats gon na happen next,2
 i thought you were gonna be at the show,thought gon na show,2
" ha! nice.    that`s about all the german you`re gonna get from me.  after that, it`s just counting and jibberish.",ha nice thats german youre gon na get counting jibberish,2
 star wars ............ is **** BOO??? i wanna do your job HAND IT OVER  u can act as me at my high school   LOL,star wars boo wan na job hand u act high school lol,2
 It would still involve me standing up. lol. Windows are too high up. Guess im just gonna have to go out,would still involve standing lol windows high guess im gon na go,2
"http://twitpic.com/61ov1 -   i ahte stress, its supposed to be friday! it makes me wanna cry",httptwitpiccomov ahte stress supposed friday makes wan na cry,2
" Hey did you get any more info about your graduation? And I think my mom`s gonna let me go to CP, if you guys still wanna go!",hey get info graduation think moms gon na let go cp guys still wan na go,2
So im playing hooky from work and it feels good  Gonna go get ma hair did! .......i wonder how fitzsimmons is doing?,im playing hooky work feels good gon na go get hair wonder fitzsimmons,2
anybody wanna comment me?  http://fotolog.com/sokristen,anybody wan na comment httpfotologcomsokristen,2
_Man im fully obsessed with their burritos enchilado style. My mom doesnt wanna go with me tho,man im fully obsessed burritos enchilado style mom doesnt wan na go tho,2
 Where`s the story?! I wanna know! I wanna know!,wheres story wan na know wan na know,2
"_J i soo dont wanna work tmrw!  ...only on a half day tho so hopefully the sun will stay out for me! Gonna go get showered, tweet l8rs",j soo dont wan na work tmrw half day tho hopefully sun stay gon na go get showered tweet lrs,2
is gonna have an irish wedding,gon na irish wedding,2
_TRUESDALE lmao! you a mess.  Im gonna be in ATL in a few weeks,truesdale lmao mess im gon na atl weeks,2
 so afraid my daughter`s gonna write a memoir where i`m some ungodly mix of Miles & Betty Davis in All About Eve,afraid daughters gon na write memoir im ungodly mix miles betty davis eve,2
doesn`t wanna get dressed up and be an adult today.,doesnt wan na get dressed adult today,2
" Hi man, yeah I so wanna go, but I`m on Maui  #liloven",hi man yeah wan na go im maui liloven,2
"watching click, they are talkin about twitter and celebrityTweet  im just gonna get ready for work",watching click talkin twitter celebritytweet im gon na get ready work,2
It`s too hot to be sat in an office!  I wanna be out in the sun shineeeee.,hot sat office wan na sun shineeeee,2
rock week  i don`t think danny`s gonna go home this week  he`s never been in the bottom three.. and he`s a really good singer,rock week dont think dannys gon na go home week hes never bottom three hes really good singer,2
I wanna go to the extra show really bad,wan na go extra show really bad,2
I`ll have to take a picture of the moon tomorrow night  not gonna happen today :/,ill take picture moon tomorrow night gon na happen today,2
feeling like I`m gonna fall asleep any time now but I can`t.,feeling like im gon na fall asleep time cant,2
 http://twitpic.com/6714p - I feel really emotional  Its been great seeing your pics and keeping up with you.  Gonna m ...,httptwitpiccomp feel really emotional great seeing pics keeping gon na,2
Moving makes me sore.  Dunno if we are gonna make it!   Its getting close!,moving makes sore dunno gon na make getting close,2
"debating whether to go to bed and start reading the last harry potter book, even though as soon as i start reading it, i won`t wanna stop",debating whether go bed start reading last harry potter book even though soon start reading wont wan na stop,2
i wanna see UPPPPPP,wan na see upppppp,2
"ashley tisdale , i mean . cuz shes in berlin on 6th june and i`m not gonna be there . i wanna start cryin right now :/ ashley pick me up",ashley tisdale mean cuz shes berlin th june im gon na wan na start cryin right ashley pick,2
Writing in yearbooks make me wanna cry,writing yearbooks make wan na cry,2
waiting to go to 4th period to get the final over with. omgg im sooo gonna fail,waiting go th period get final omgg im sooo gon na fail,2
 should I still come? Its gonna be a while,still come gon na,2
Gonna go watch Jackson`s band play and then going to the band after party,gon na go watch jacksons band play going band party,2
to the doctor  anyone wanna do somethin after for a bit?,doctor anyone wan na somethin bit,2
y must i hve graduation practice...all im gonna is walk,must hve graduation practiceall im gon na walk,2
i wanna move back to Pennsylvania,wan na move back pennsylvania,2
yay cheerleading when im sick. its gonna be a fun  night peoples,yay cheerleading im sick gon na fun night peoples,2
"Happy Birthday to meeeee!! Excited to go out tonight, but I`m gonna miss my girl",happy birthday meeeee excited go tonight im gon na miss girl,2
"i`m so worn out, this week has sped by soo fast. gonna ask mum if we can go to the movies. i`m desperate",im worn week sped soo fast gon na ask mum go movies im desperate,2
sam and sean are teasing me saying they are gonna get wings without me,sam sean teasing saying gon na get wings without,2
 Can`t you guys do something on CO-OP about Grim Fandango? Don`t you wanna see it on XBLA/PSN? Call Tony Plana!  Call Tim!!,cant guys something coop grim fandango dont wan na see xblapsn call tony plana call tim,2
"is in skwl now, and i dont really wanna study.. i saw him --> J***I and makes me feel down..",skwl dont really wan na study saw ji makes feel,2
 gonna go home and TRY to take a nap. I am emotionally exhausted   ... I will be in after.. <3,gon na go home try take nap emotionally exhausted,2
60 days today  i can`t believe it`s been 2 months. i`m nervous about what i`m gonna say later. but i`m gonna keep comin back.,days today cant believe months im nervous im gon na say later im gon na keep comin back,2
"i wanna move to england! 'ello, i must go to the loo. i will head to my caddy,yes.' gahaha and the awesome accent.",wan na move england ello must go loo head caddyyes gahaha awesome accent,2
Gonna go make my Meme`s Mother`s day card then go hop in the shower and hop to sleep!!,gon na go make memes mothers day card go hop shower hop sleep,2
shack idol today(: can`t wait. it`s gonna be funnn poor cameron. he fell ON A BAR in speech today. i felt so bad for him,shack idol today cant wait gon na funnn poor cameron fell bar speech today felt bad,2
 star wars ............ is **** BOO??? i wanna do your jobe HAND IT OVER  u can act as me at my high school   LOL,star wars boo wan na jobe hand u act high school lol,2
Kinda bummed that I`m gonna miss `s return to BG. Now I`ll never know what it`s like to make love to _gunn.,kinda bummed im gon na miss return bg ill never know like make love gunn,2
Bus stuck in traffic; gonna be late,bus stuck traffic gon na late,2
"good moring  gonna take a shower, fix my hair and then Im going out .",good moring gon na take shower fix hair im going,2
RAIN!!!!!!!!!!!! AAAAAAAAAAHHHHHHHH! i`m gonna melt. **** it`s cold. freakin cold.  brrrrrr,rain aaaaaaaaaahhhhhhhh im gon na melt cold freakin cold brrrrrr,2
ok...so i`m Twittin from my computer...its gonna be bad when i get on my phone.. cause ima be lost like ****,okso im twittin computerits gon na bad get phone cause ima lost like,2
 aww  I have to go to class on that day... So imma do some weird half day thing just cause I wanna see what it`s about,aww go class day imma weird half day thing cause wan na see,2
 my tvs not working  i wanna watch vhits :`(,tvs working wan na watch vhits,2
Home lost the baseball game by 1 friggin` point!  Now I`m gonna scrap.,home lost baseball game friggin point im gon na scrap,2
" But I don`t wanna ruin it  Can`t I do it `spontaneously` first on paper, then copy that spontaneity onto the book? Please?!",dont wan na ruin cant spontaneously first paper copy spontaneity onto book please,2
Woo hoo party over here. Its gonna be fun,woo hoo party gon na fun,2
 uh oh u gonna fire somebody??,uh oh u gon na fire somebody,2
 NOOOOOOO!!!!!!!!!!!!! why in july? im gonna be back home  NOOOOOOOOOOO!!!!!!!!!,nooooooo july im gon na back home nooooooooooo,2
" Yep,  that B-Day kiss is gonna happen, right ",yep bday kiss gon na happen right,2
" I know. I want it to come bec I`m excited, but then I don`t bec it`s gonna go by so fast & then it will be over",know want come bec im excited dont bec gon na go fast,2
Last night I had 1/2 a bottle of wine in my house and 2 cocktails. Came home sober but still gonna be sick,last night bottle wine house cocktails came home sober still gon na sick,2
Photo: hannahisdead: omg i wanna read Pride and prejudice and zombies fuckyeah zombies  http://tumblr.com/xol1qyw8v,photo hannahisdead omg wan na read pride prejudice zombies fuckyeah zombies httptumblrcomxolqywv,2
Missing  from BKK na.,missing bkk na,2
" LMFAO. omgosh when i first heard that song with you,i felt like i was gonna pee myself, OMGOSH THE WALTZER MAN!  lol xoxo",lmfao omgosh first heard song youi felt like gon na pee omgosh waltzer man lol xoxo,2
I`ve got great expectations of tomorrow  It`s gonna be awesome!! ? http://blip.fm/~5jf53,ive got great expectations tomorrow gon na awesome httpblipfmjf,2
I`m gettin ready for my trip back to MA...  I don`t wanna leave!,im gettin ready trip back dont wan na leave,2
Yea baby!! Im gonna miss you so much,yea baby im gon na miss much,2
i could tell its gonna be an angry day...,could tell gon na angry day,2
Im so done defending him. Im going to bed and im gonna give my mom a happy mothers day.  at least ill try.,im done defending im going bed im gon na give mom happy mothers day least ill try,2
Gonna miss the girlys soo super loads! Wish I wasn`t going for 3 weeks! It`s wayy to long,gon na miss girlys soo super loads wish wasnt going weeks wayy long,2
" i flew from washington to calfornia , are you still gonna be at the meet&  greet tomorrow ?",flew washington calfornia still gon na meet greet tomorrow,2
gonna eat pizza. what are you doing??,gon na eat pizza,2
good times haha ily christian and mo  gonna watch dazed and confused in a while ha also my first time watching it ha im so lame,good times haha ily christian mo gon na watch dazed confused ha also first time watching ha im lame,2
 im sadd sancha  june 18 for me is a fail  its gonna be you and chini ((((((,im sadd sancha june fail gon na chini,2
  you`re mean to me. You`re gonna have to have pizza tonight or it will go off.,youre mean youre gon na pizza tonight go,2
What I`m gonna do  life is not good:`( no more Exit in this hallway I`m stuck in my world...,im gon na life good exit hallway im stuck world,2
" - I`m really thinking about staying till tomorrow .. I have to be back in Philly 2nite, but I wanna stay so bad.",im really thinking staying till tomorrow back philly nite wan na stay bad,2
 haha good phone conversation cat lady! You`re gonna be homeless too  you didn`t tell me u were having coffee!! coming tomorrow?,haha good phone conversation cat lady youre gon na homeless didnt tell u coffee coming tomorrow,2
"i wanna see `up` tonight, but no one will go with me. whhhyyy",wan na see tonight one go whhhyyy,2
 I live in the Philippines. >.< and honestly i wanna live somewhere with snow!!,live philippines honestly wan na live somewhere snow,2
 Thanks! I was gonna make a joke and say they look just like mine!,thanks gon na make joke say look like mine,2
 They`re for my mama  I always bake late and get worried that the mixer is gonna bother people.,theyre mama always bake late get worried mixer gon na bother people,2
"Good mornin. Today will end early, woo. Gonna work on rick`s surprise PROJECT DUE ON TUESDAY",good mornin today end early woo gon na work ricks surprise project due tuesday,2
 when u gonna come show minnesota some love though hun?!,u gon na come show minnesota love though hun,2
"oh!, I wanna buy Just That Girl - Drew Seeley, but I`m not allowed  I`m talking itunes store)",oh wan na buy girl drew seeley im allowed im talking itunes store,2
":O Job interview today, i`m really gonna mess this uuuup",job interview today im really gon na mess uuuup,2
 I CAN`T!!! My heart aches for her children  I wanna adopt alexis,cant heart aches children wan na adopt alexis,2
 I know june 2010...  but its gonna be so good. Im going to se it even if im 20 when it comes out.,know june gon na good im going se even im comes,2
Just took a shower.We`re gonna go to Church.Time to thank Him for my mother.,took showerwere gon na go churchtime thank mother,2
not super keen on the drive home through the rain.. additional concentration required that i don`t really wanna deal with,super keen drive home rain additional concentration required dont really wan na deal,2
so I`m kinda pissed that Boys Like Girls is gonna be at Kentucky Kingdom on a date i already have a show,im kinda pissed boys like girls gon na kentucky kingdom date already show,2
eyes wide shut is one of the weirder movies ive seen. any1 wanna sell me their.45?  just so i can sleep in my apt by myself,eyes wide shut one weirder movies ive seen wan na sell sleep apt,2
got FOXY_ a new brew buddy now my kitchen is gonna smell,got foxy new brew buddy kitchen gon na smell,2
" I wanna play with you tonight  *pout, pout side face*",wan na play tonight pout pout side face,2
ii wanna go home for thee weekend  but ii have no gas. sukks (_!_)!!,ii wan na go home thee weekend ii gas sukks,2
 Wanna come with?  Before we go to Myka`s party.,wan na come go mykas party,2
I tired today I think I am gonna take a nap before our friends come over tonight....I miss him and wish he was off restriction already...,tired today think gon na take nap friends come tonighti miss wish restriction already,2
About to go to my last theater lunch  im gonna cry.,go last theater lunch im gon na cry,2
"feeling, breathing, believing, keeping you on my mind and never ever gonna think to let you go..",feeling breathing believing keeping mind never ever gon na think let go,2
wellity! i think ima gonna clean my room :| ****. i need to read a good book. sense and sensibility here we come! BEAT THAT LILY  **,wellity think ima gon na clean room need read good book sense sensibility come beat lily,2
i`m gonna miss eddy if we`re half the country apart,im gon na miss eddy half country apart,2
at homee..boring but its okiee gonna see the boyfriend and his momma tomorrow for momma dayy,homeeboring okiee gon na see boyfriend momma tomorrow momma dayy,2
FB is boring   and i wanna sing RIGHT NOW..! *-*,fb boring wan na sing right,2
" Yes it`s herrrrr.  Dude, I`m gonna **** cry.",yes herrrrr dude im gon na cry,2
 Ohh Emmm Geee. Souvlaki from Dimitris...I wanna go homeeee  LOL,ohh emmm geee souvlaki dimitrisi wan na go homeeee lol,2
" I saw slater on some MTV show, So you think you wanna dance with slater or some **** like that. Where`s Kelly Kapowski",saw slater mtv show think wan na dance slater like wheres kelly kapowski,2
im feeling like ish!  i just wanna go home and go mimis,im feeling like ish wan na go home go mimis,2
 u said u was gonna follow  its nita from ur live chat,u said u gon na follow nita ur live chat,2
My tweet is on cheaptweet.  You wanna vote for me  http://cheaptweet.com/t/syopvd,tweet cheaptweet wan na vote httpcheaptweetcomtsyopvd,2
Our plane had landed!! FINALLY gonna get to board...an hour late.  stupid rain!!!,plane landed finally gon na get boardan hour late stupid rain,2
" is a loser;) baha, dude! i`m gonna come & put those pictures on my myspace really quick!",loser baha dude im gon na come put pictures myspace really quick,2
I really need to lose weight. Anybody wanna be my exercise-buddy?,really need lose weight anybody wan na exercisebuddy,2
sad that school is over gonna miss all my friends and teachers,sad school gon na miss friends teachers,2
"the scrubs finale was beautiful, just so so perfect. can`t believe they`re gonna do another season",scrubs finale beautiful perfect cant believe theyre gon na another season,2
I`m up way past my bed time.  gonna catch sum snl.,im way past bed time gon na catch sum snl,2
i told myself i wasn`t gonna cry and then one kid that everyone made fun of all year said 'it`s been a good year',told wasnt gon na cry one kid everyone made fun year said good year,2
"Writing and researching. Tired of being foolish, so I`m educating myself & moving forward. Gonna marry a white boy they do you right!!!",writing researching tired foolish im educating moving forward gon na marry white boy right,2
  I know... just when I was starting to think this break-up was gonna have me up all night tossin and turnin.. no ma`am!,know starting think breakup gon na night tossin turnin maam,2
 EPIC moment! hahahha i swear.. i really wanna see it,epic moment hahahha swear really wan na see,2
 ur moving to leeds?? wut are u doing up there? work? ur just a jetsetter..i wanna move to England too,ur moving leeds wut u work ur jetsetteri wan na move england,2
best show of my life. mcfly rocks my world  i wanna meet you guys ;;,best show life mcfly rocks world wan na meet guys,2
_KHC wooow. lucky XD my break is gonna end. my classes starts @ june 4,khc wooow lucky xd break gon na end classes starts june,2
"Gonna WoW for a bit. Later, Twitter <3",gon na wow bit later twitter,2
" If I knew it was gonna be this kind of party, I would`ve stuck my **** in the mashed potatoes!",knew gon na kind party wouldve stuck mashed potatoes,2
 i know!  i wish she would. I just wanna cuddle and sleeep in ga! And go to the world of coke,know wish would wan na cuddle sleeep ga go world coke,2
heading up to the farm   dont want to i wanna stay here and talk with my boyfriend... STUPID MOM FOR MAKING ME GO UP >.<,heading farm dont want wan na stay talk boyfriend stupid mom making go,2
I wanna see Drag Me To Hell  Someone take meee!  Oh and Follow me.  And Subscribe: http://www.youtube.com/user/JessiNoel29,wan na see drag hell someone take meee oh follow subscribe httpwwwyoutubecomjessinoel,2
 yayy!!! Im gonna see you today! I miss you!,yayy im gon na see today miss,2
Gonna have to have arthroscopy to repair my knee,gon na arthroscopy repair knee,2
"browsing thru adopting agencies, i`m gonna get some exotic kids",browsing thru adopting agencies im gon na get exotic kids,2
Ahhhh I think the rain is gonna begin shortly,ahhhh think rain gon na begin shortly,2
is actual gonna need a new job and not just want,actual gon na need new job want,2
_cupcakes that busy wowsa .. okay my pizzas gonna be a while  sorry..,cupcakes busy wowsa okay pizzas gon na sorry,2
"milan is retardeddddddd, anyone wanna see my paint pic of him ???",milan retardeddddddd anyone wan na see paint pic,2
****! ayoko na!! I said that in tagalog cuz idk what to do anymore!,ayoko na said tagalog cuz idk anymore,2
 i want to! but im not over 18 and t&c says over 18`s only  wanna make an exception for me ;),want im tc says wan na make exception,2
" Hey boys, do you wanna see my teeth? (**** it, twitter donï¿½t wanna change my picture)",hey boys wan na see teeth twitter dont wan na change picture,2
My mind automatically wakes up at 7. Huge fail -- it`s SUMMER!  Good morning nonetheless. Gonna get ready for work now.,mind automatically wakes huge fail summer good morning nonetheless gon na get ready work,2
im well bored  had a great half term and i dont wanna go back to school on monday :`( enjoying the hot weatler lo0l ;),im well bored great half term dont wan na go back school monday enjoying hot weatler lol,2
 You`re gonna wear pink outfits??? I assume she bought it for you,youre gon na wear pink outfits assume bought,2
" Yes, soak it up for sure. It`s gonna be fast n furious. Only one show this year  More reason to revel in the moment.",yes soak sure gon na fast n furious one show year reason revel moment,2
 awww  don`t do this to meee haha now you`re gonna make me saddd,awww dont meee haha youre gon na make saddd,2
"_you Ah! Haha that`s exciting. If I ever come to Australia we are definitely gonna have a movie night, FYI",ah haha thats exciting ever come australia definitely gon na movie night fyi,2
_tina @_adriii guys  i am literally going to sydney in the june/july hols. can we meet? i wanna try one of those lindt cafes!,tina adriii guys literally going sydney junejuly hols meet wan na try one lindt cafes,2
" **** dude... dia 06, 20 e 27 eu tenho curso na DRC  flash expert...",dude dia e eu tenho curso na drc flash expert,2
"Back from the gym, just checkin` email. Gonna go watch an old movie or something. It`s a little cool out to sit outside and read!",back gym checkin email gon na go watch old movie something little cool sit outside read,2
  anytime..  Why ya gonna be up so late?,anytime ya gon na late,2
yea i`m gonna need to put the blunt down,yea im gon na need put blunt,2
My beautiful lil cousin  is going to prom today...SAD  I can`t be there..but I know shes gonna look BEAUTIFUL as always...,beautiful lil cousin going prom todaysad cant therebut know shes gon na look beautiful always,2
Gonna nap n chill then probably go to the movie later. Ugh i have a headache this sux ****. Cloudy day too,gon na nap n chill probably go movie later ugh headache sux cloudy day,2
"  Thanks Sissy!!!!!!! Be sure to check ur Myspace tonight, It`s gonna be Something! Luv Ya!!!!",thanks sissy sure check ur myspace tonight gon na something luv ya,2
someones dead on army wives. Dad just laughed and Mum got annoyed with him. I wanna watch Britains Got Talent,someones dead army wives dad laughed mum got annoyed wan na watch britains got talent,2
"Good morning, sunshine! I`mm gonna start my day wth some movies.",good morning sunshine imm gon na start day wth movies,2
"such lovely weather, i wanna go out!",lovely weather wan na go,2
"says Diana, you wanna burn the pics for me on a DVD or CD?  http://plurk.com/p/svs4c",says diana wan na burn pics dvd cd httpplurkcompsvsc,2
Chillin with the roomies. Can`t wait for the zombie CLWN CR. Its gonna be 6-8 weeks,chillin roomies cant wait zombie clwn cr gon na weeks,2
" -  I wanna go see them in Edinburgh  won`t happen though haha , yir lucky! And have funnnn  ****",wan na go see edinburgh wont happen though haha yir lucky funnnn,2
 Haha same!!! But its gonna be awhile til it comes to sweden i think...,haha gon na awhile til comes sweden think,2
ahhhhh **** it..... none of my friends want to see it... and they don`t wanna chill tonight... so its just me myself and i,ahhhhh none friends want see dont wan na chill tonight,2
headache  wanna see my Julie,headache wan na see julie,2
what am i gonna watch after BGT  bad times,gon na watch bgt bad times,2
thank/ u guys so so much for helping me out on the followers thing! but im probably not gonna win cause i dont have 100 followers yet!,thank u guys much helping followers thing im probably gon na win cause dont followers yet,2
I should be DJing my prom! I`d do it for free...there prob gonna have a dj who`s stuck in the 80`s  boooooo,djing prom id freethere prob gon na dj whos stuck boooooo,2
"11.40 AM. I don`t wanna wake up. Shoo, roommate, shoo.",dont wan na wake shoo roommate shoo,2
im really sleepy and i want to go to bed...but its upstairs and its a mess and i know im gonna have to clean it  nooooo,im really sleepy want go bedbut upstairs mess know im gon na clean nooooo,2
It`s gonna suck being the only sober one tonight,gon na suck sober one tonight,2
Baby just left  gonna get ready (again) and I`m leavin`  Chilis = Full -_-,baby left gon na get ready im leavin chilis full,2
I wanna go to DBSK oppa`s Mirotic Concert in Thailand!!! I REALLY WANNA GO SO MUCHHHHH...    *burst into tears*,wan na go dbsk oppas mirotic concert thailand really wan na go muchhhhh burst tears,2
finally get my hands on my laptop!  just ate the biggest burrito de asada EVER  and now im gonna get ready for the party-ooo!,finally get hands laptop ate biggest burrito de asada ever im gon na get ready partyooo,2
Not looking forward to the upcoming week...My better half will be gone all that time! It`s TRULY GONNA SUCK BIG TIME!,looking forward upcoming weekmy better half gone time truly gon na suck big time,2
I don`t wanna work!,dont wan na work,2
well im gonna go shower now. gotta get rdy 4 movies in a couple hours!   byeee   ~~  Esther <3    p.s.s i miss u katherine,well im gon na go shower got ta get rdy movies couple hours byeee esther pss miss u katherine,2
I`m gonna cryyy!!! My car looked so good clean and its **** raining!?! I always do this...wash it right before it rains,im gon na cryyy car looked good clean raining always thiswash right rains,2
"gonna dream about my prince charming tonight, n see if everything goes back to normal. I really hope so   <3",gon na dream prince charming tonight n see everything goes back normal really hope,2
its gonna be a beautiful day!,gon na beautiful day,2
 nick`s voice still makes me wanna kill things,nicks voice still makes wan na kill things,2
 Or he`s gonna chop you up into tiny bits - one of the two,hes gon na chop tiny bits one two,2
_WOCKEEZ  Don`t wanna miss ANY of your shows...you guys kick it! Sad to say...my plane is in the shop...,wockeez dont wan na miss showsyou guys kick sad saymy plane shop,2
sweaty and tired from the 6 lap run.  gonna do sun run next year no matter what.,sweaty tired lap run gon na sun run next year matter,2
"Gonna go round up some DVDs to sell...  I will miss them, but I need money!",gon na go round dvds sell miss need money,2
I wanna go to the beach...but I have to study,wan na go beachbut study,2
My phone works! Its whack. Well good morning. Gonna go eat breakfast with neil before school starts,phone works whack well good morning gon na go eat breakfast neil school starts,2
I wanna Karaoke!  Instead...I get to go to work  Lameness,wan na karaoke insteadi get go work lameness,2
"about to head to Starbucks. was gonna take the bus to Paradise and Starbucks, but missed it by 2 minutes.",head starbucks gon na take bus paradise starbucks missed minutes,2
 noo  I`m in miami and I just wanna lay out in the sun..but the rain has stopped me,noo im miami wan na lay sunbut rain stopped,2
It`s gonna be a super long day,gon na super long day,2
it`s still the 4 am hour at home and my day has begun... gonna drink a lot of coffee today.,still hour home day begun gon na drink lot coffee today,2
Gonna miss Thick As Blood next Friday,gon na miss thick blood next friday,2
"Dizzy  I wanna lie die, but those calories aren`t gonna just balk because I ignore them.",dizzy wan na lie die calories arent gon na balk ignore,2
Everyone`s talking about the goodies at #BEA09.  I wanna be there.,everyones talking goodies bea wan na,2
Yay we`re gonna leave earlier!  Can`t wait to get back to Hawthorne!,yay gon na leave earlier cant wait get back hawthorne,2
 so seriously...I need a date to a wedding. Really dont wanna go alone. Its May 23rd...any chance?,seriouslyi need date wedding really dont wan na go alone may rdany chance,2
"I so don`t wanna go outside, I don`t have anything to do there  Maybe I will write later...",dont wan na go outside dont anything maybe write later,2
boring. i wanna go for taekwando,boring wan na go taekwando,2
lip syncing 'im so excited' wit blairr then were gonna youtube it,lip syncing im excited wit blairr gon na youtube,2
) no more Chemistry!!! I`m gonna choose English. I find it (Chem.) kinda boring in the end! gonna help people < who choose Chem>,chemistry im gon na choose english find chem kinda boring end gon na help people choose chem,2
 But but I dun wanna,dun wan na,2
is gonna go yoga-ing with a jumbo cup of coffee!!!!! Thinking about it is making her very happy!!,gon na go yogaing jumbo cup coffee thinking making happy,2
gonna walk around for an hour now :I but I`m totally motivated! Wahahaha,gon na walk around hour im totally motivated wahahaha,2
" yeah, I have revision to do, but gonna go starbucks instead",yeah revision gon na go starbucks instead,2
I regret not going to the Movie audition today  Seems like my neighbors are gonna get a call back .  http://myloc.me/21RK,regret going movie audition today seems like neighbors gon na get call back httpmylocmerk,2
 you got it. poor thing not gonna have a choice for much longer though,got poor thing gon na choice much longer though,2
I caaaaan`t sleep.....it`s 3.30am! wahhhh... i wanna cry,caaaaant sleepits wahhhh wan na cry,2
 think so but my boss is in Switzerland all week. going when she returns  ira gonna be awesome,think boss switzerland week going returns ira gon na awesome,2
" I know, but I wanna finish bsg first",know wan na finish bsg first,2
I wanna leave after 2nd period *cryy*,wan na leave nd period cryy,2
I just single handedly killed 4 flies and a crane fly with my hairbrush!! I`m gonna go disinfect it now...but bugs beware!!,single handedly killed flies crane fly hairbrush im gon na go disinfect nowbut bugs beware,2
ooh i feel so sleepy... its 10:24 a.m. and i dont wanna go to school 2day  but i have to...,ooh feel sleepy dont wan na go school day,2
I wanna see my mama but she hasn`t called me back yet  MAMA...MAMA!!!,wan na see mama hasnt called back yet mamamama,2
wanna do some sessions with ronnie he da bomb u know?,wan na sessions ronnie da bomb u know,2
gonna have a lazy day today,gon na lazy day today,2
" we had scones this afternoon!! they were great  we`re gonna make cupcakes this week, on Wednesday!",scones afternoon great gon na make cupcakes week wednesday,2
 NICK WTF I WAS GONNA GO BUT I HAVE NO RIDE. Boo,nick wtf gon na go ride boo,2
Hey #YEG !!!!! Anyone goin to the Edmonton Energy game and wanna do some live updates? PLEASE!!!! They dont post live scores,hey yeg anyone goin edmonton energy game wan na live updates please dont post live scores,2
" Ya, the weather has been super weird here. It looked like it was gonna rain today but of course it didn`t, darnitt,",ya weather super weird looked like gon na rain today course didnt darnitt,2
" thanks neemah. I`m gonna be soooo close to you and izzy, yet so far",thanks neemah im gon na soooo close izzy yet far,2
" oh no, you`re gonna have to break up w/your ups guy when you move",oh youre gon na break wyour ups guy move,2
is feeling so giddy and wanna go home.,feeling giddy wan na go home,2
In bed after a good last saturday in ec. I`m gonna miss this place but can`t wait til summer,bed good last saturday ec im gon na miss place cant wait til summer,2
WAH. i`m gonna miss bowie people  ESP YOU ALYANNA BONDOC <3 and Cesar. D:< I dunno if I can survive without my SOSA!,wah im gon na miss bowie people esp alyanna bondoc cesar dunno survive without sosa,2
lapit na ko magout. lapit na fated to love you.hehe  http://plurk.com/p/rrj4e,lapit na ko magout lapit na fated love youhehe httpplurkcomprrje,2
 sike sike call it truce???????????????? u still a **** and my ppl still gonna air u out tho,sike sike call truce u still ppl still gon na air u tho,2
gonna knit a felted heart toy for mum for Mothers Day. she`s so great (not really) she loves anything i give her  luv ya mummy,gon na knit felted heart toy mum mothers day shes great really loves anything give luv ya mummy,2
 welcome aboard my friend... the fans are gonna LOVE ya here,welcome aboard friend fans gon na love ya,2
"lady is clean now, im going to calexico in a moment, i have so much things to do today, and i wanna go and watch the hanna montana movie",lady clean im going calexico moment much things today wan na go watch hanna montana movie,2
 Iï¿½m good. Wanna get out of the office....,im good wan na get office,2
such a nice day and i`m gonna be stuck inside all night,nice day im gon na stuck inside night,2
I`m gonna wear my new purple converse today,im gon na wear new purple converse today,2
havin friends over hangin out with christian tonight!!  gonna roast marshmellows and chocolate and cramcrackers.!?!?!,havin friends hangin christian tonight gon na roast marshmellows chocolate cramcrackers,2
dont wanna work tonight,dont wan na work tonight,2
 I wanna get an FF tweet too,wan na get ff tweet,2
 Ooh can I have some? I`m hungry but I don`t wanna get outta bed,ooh im hungry dont wan na get outta bed,2
When r these **** exams ever gone b over and done with?  i wanna b out in the sun,r exams ever gone b done wan na b sun,2
 Well now I`m gonna be on a mission to find their music,well im gon na mission find music,2
 YA I JUST GOT A TWITT FROM SOMEBODY SAYIN IT LOOKS LIKE ITS GONNA RAIN OUT HERE ON THE WEST COAST..I AINT BEEN OUTSIDE YET.,ya got twitt somebody sayin looks like gon na rain west coasti aint outside yet,2
i`m soooo tired i have to study for all of my subjects ..... history is gonna be SO hard!!!! >.< help me!,im soooo tired study subjects history gon na hard help,2
My best mate found out that I am moving. She doesn`t understand I wanna do something with my life; Leaving to go to Uni..,best mate found moving doesnt understand wan na something life leaving go uni,2
Dam only 5 votes  not gonna win anything now,dam votes gon na win anything,2
"Ugh, I feel like ****-- gonna call out of my classes today  hope it doesnt affect my grade",ugh feel like gon na call classes today hope doesnt affect grade,2
Sitting in the car. My ipod is about to die so Im not gonna have anything to do.,sitting car ipod die im gon na anything,2
Traffic is horrific on 695..I jus wanna gt my dog,traffic horrific jus wan na gt dog,2
All I want is to see him tonight.  and I know it`s not gonna happen.,want see tonight know gon na happen,2
I`m not gonna be here when the new Transformers comes out.... i`ll be in Colombia,im gon na new transformers comes ill colombia,2
"Ghhh! Went an hour earlier to bed thinking ill get an area hr of sleep, woke up an hr earlier. Today is gonna be a looooong one again.",ghhh went hour earlier bed thinking ill get area hr sleep woke hr earlier today gon na looooong one,2
 http://twitpic.com/6714p - well done guys! I am gonna miss the tweets!,httptwitpiccomp well done guys gon na miss tweets,2
died again in KP  .. gonna upgrade some of my spells now first before heading back there... #eq2,died kp gon na upgrade spells first heading back eq,2
I wanna buy a million copies. But i aint that rich   just buy some more copies urself hahah,wan na buy million copies aint rich buy copies urself hahah,2
Just enjoyed 2 steak quesadillas! Kinda mad cause I`m gonna miss the laker game!,enjoyed steak quesadillas kinda mad cause im gon na miss laker game,2
_Dreaming what?! miley`s gonna quit hannah montana?...i don`t wanna believe it!,dreaming mileys gon na quit hannah montanai dont wan na believe,2
I miss him soooo much  not gonna see him for 2-3 months,miss soooo much gon na see months,2
 heya  40 hour famine starts on may 22nd - are you gonna take part?,heya hour famine starts may nd gon na take part,2
Law week is gonna go the **** off  SO EXCITED,law week gon na go excited,2
 I no  i wanna move to america!!!!!!!!!!!!!!!,wan na move america,2
 I was gonna go for aiden but I had a girl so I went with scarlet,gon na go aiden girl went scarlet,2
also i hit my chin on something when i fell down and it hurts  ugh... work is gonna suck,also hit chin something fell hurts ugh work gon na suck,2
I just wanna be happy,wan na happy,2
"gonna have to eat something, I feel so horrid.  I need a hug!",gon na eat something feel horrid need hug,2
so I just had a violent fightclub like **** dream involving heavily tattooed ladies. I didn`t wanna wake up.  lol.,violent fightclub like dream involving heavily tattooed ladies didnt wan na wake lol,2
getting ready for work. boohoohoo i dont wanna go to work!,getting ready work boohoohoo dont wan na go work,2
Nooo i wanna watch the comet  dont wanna go workk!!!,nooo wan na watch comet dont wan na go workk,2
Just found out my baby cousin is gonna be a dad!!!! At least he`s married already. Everybody is getting married and having kids before me,found baby cousin gon na dad least hes married already everybody getting married kids,2
the classes with my students are over  gonna miss them...,classes students gon na miss,2
" ooh good!  im starting with the hardest one, gonna be at it all day. ive locked my door and im only leaving for food and toilet! x",ooh good im starting hardest one gon na day ive locked door im leaving food toilet x,2
 my internet is being a ***** again!!! wtf. i think im gonna sleep afterward. internet is driving me crazyyy!,internet wtf think im gon na sleep afterward internet driving crazyyy,2
I wanna see the Jonas Brothers in concert..,wan na see jonas brothers concert,2
I don`t wanna go to work,dont wan na go work,2
"Looks like a beautiful day...and I am off work til Sunday, yay!! No bbq as yet though, gonna have to postpone my invitations",looks like beautiful dayand work til sunday yay bbq yet though gon na postpone invitations,2
" AWESOME! It feels very fulfilling, doesn`****?  I`m gonna work on SOOOO many people over the summer! Totally excited!",awesome feels fulfilling im gon na work soooo many people summer totally excited,2
I wanna talk to Mitchel Mussoooooo,wan na talk mitchel mussoooooo,2
 bahaha.. Weekends are just too short.. Esp when it`s nice out! I wanna stop time like evie on outta this world! Morning!,bahaha weekends short esp nice wan na stop time like evie outta world morning,2
is tanning with emily! too bad its prob gonna rain,tanning emily bad prob gon na rain,2
I feel like... I`m not gonna make it this year,feel like im gon na make year,2
 Dun wanna travel all the way there for lunch now. But yeah i have been there. Nice place. Missing Shan-e-Punjab though...,dun wan na travel way lunch yeah nice place missing shanepunjab though,2
on my way to work! I am gonna miss general hospital,way work gon na miss general hospital,2
Don`t really wanna go school on Monday to be honest,dont really wan na go school monday honest,2
Oh no! I just read they are going to do a remake of Girls Just Wanna Have Fun   Stop it hollywood-just stop!,oh read going remake girls wan na fun stop hollywoodjust stop,2
 YES!! I wanna come hang out with my H-TOWN gurl u know whats up!! haha  it`ll be bangin! We gotta hang out chick,yes wan na come hang htown gurl u know whats haha itll bangin got ta hang chick,2
"morrrning! the last day of a random but awesome weekend, gonna round it off in dbar style!  good timezzz.",morrrning last day random awesome weekend gon na round dbar style good timezzz,2
 was gonna DM you but it says you`re not following me!    lol  after all I`ve done!  hahaha,gon na dm says youre following lol ive done hahaha,2
"  hey girl, what`s up? what r u gonna do today?",hey girl whats r u gon na today,2
Already know I`m gonna miss josh next week.. My mom needs more surgery.. Work sucks.. Not a good day. Oh and my tum tum hurts,already know im gon na miss josh next week mom needs surgery work sucks good day oh tum tum hurts,2
I wanna longboard but it`s raining ughhhhhh,wan na longboard raining ughhhhhh,2
" wahahahaha!! i wanna naaaaa!!! well...hapit na i guess. hahahaha ) yes, now we all know!!! hahahaha lol ) NARN! haha joke",wahahahaha wan na naaaaa wellhapit na guess hahahaha yes know hahahaha lol narn haha joke,2
I really wanna see the Jonas Brothers in Novemeber but I need to find someone to come with me!  ****,really wan na see jonas brothers novemeber need find someone come,2
totally overstressed ... going to work now ... just want the college work to go away ... i don`t wanna fail,totally overstressed going work want college work go away dont wan na fail,2
"Good morning!! Gonna clean the house a bit, then maybe clean some more, then do nothing for the rest of the day",good morning gon na clean house bit maybe clean nothing rest day,2
&not gonna lie. it`s 60 degrees in here. thanks for leavin me your sweater molly. brrrrr,gon na lie degrees thanks leavin sweater molly brrrrr,2
eeehhh. my right eye`s twitching. gonna go and watch Boystown.  happy birthday!,eeehhh right eyes twitching gon na go watch boystown happy birthday,2
very disappointed in him    gonna have to sleep it off....,disappointed gon na sleep,2
Movie is pretty interesting actually. Gonna finish watching it.  probably seeing star trek tomorrow. <3 ZQ. lol,movie pretty interesting actually gon na finish watching probably seeing star trek tomorrow zq lol,2
"think I`m gonna start writing a proper blog, can anyone recommend any good blog host thingys?",think im gon na start writing proper blog anyone recommend good blog host thingys,2
is off 2 bed. gon force the sandman 2 com do wot he do since it dont look like there`s gon be any partyin 2nyt,bed gon force sandman com wot since dont look like theres gon partyin nyt,2
 have a good time!! Sadly that means I`m probably gonna have rain,good time sadly means im probably gon na rain,2
i wanna go home,wan na go home,2
  ok Cristal we gonna tweet talk again when its not so late...just follow sweetie....tweethug 4 ya,ok cristal gon na tweet talk latejust follow sweetietweethug ya,2
Meeting up with Karen and the boys for some drinks at The Dock!!!  All I wanna do is drink though..    **** it like Andrea said! Haha,meeting karen boys drinks dock wan na drink though like andrea said haha,2
 ......when I find chays keys  im gonna clean my room up tomorrow. They`ll pop up,find chays keys im gon na clean room tomorrow theyll pop,2
Gonna head into the shower now...  Going to a friend`s birthday party =],gon na head shower going friends birthday party,2
Molly keeps punching me cuz she sees yellow cars. I`m gonna be covered in bruises. I don`t like this game,molly keeps punching cuz sees yellow cars im gon na covered bruises dont like game,2
"Life is over! Just went to get tickets for all time low, sold out  anyone got spares or wanna sell me theirs?",life went get tickets time low sold anyone got spares wan na sell,2
 what r u doing tonight bro?I wanna go out,r u tonight broi wan na go,2
"Currently 52ï¿½ in Msla, not a cloud in the sky, no humidity, gonna get into the 80s today, and I`m...working.",currently msla cloud sky humidity gon na get today imworking,2
its gonna be a great week! dallas next weekend!!!,gon na great week dallas next weekend,2
I hate this weather  i wanna bake,hate weather wan na bake,2
_WOCKEEZ I wanna go! But I won`t be there  I`m sure that the show will be great!!,wockeez wan na go wont im sure show great,2
bbq was great... just relaxing around the house!  dont wanna leave my city but have to tomorrow... got to clean the house when i get back,bbq great relaxing around house dont wan na leave city tomorrow got clean house get back,2
_JessicaB_**** yip.....aw gonna miss them on bb,jessicab yipaw gon na miss bb,2
Going to sleep. Gonna fall asleep playing apps again. Tmrw is going to suck,going sleep gon na fall asleep playing apps tmrw going suck,2
"i`m gonna eat some chips??!! anybody, want some??? hahaha!",im gon na eat chips anybody want hahaha,2
 HMM Gonna go with ran 4 miles and hit the gym... now time to wake the kids up,hmm gon na go ran miles hit gym time wake kids,2
Ok so 4 needs to hurry up and come wtf I wanna go hooooommmeeee!,ok needs hurry come wtf wan na go hooooommmeeee,2
"At this point, I`m gonna be left here with only Tommy. He is no prize.",point im gon na left tommy prize,2
 Jars was gonna be my answer,jars gon na answer,2
Ugh what an amazing night. Time for bed! I know i`m gonna sleep well. And with no getting up early!  good night!,ugh amazing night time bed know im gon na sleep well getting early good night,2
Aright Twitter Fam... guess ima be outties.. gonna try n sleep off some of this horrible pain,aright twitter fam guess ima outties gon na try n sleep horrible pain,2
 Never been to the USA before  It would be great to the cruise/tour next year. Whatever it is its gonna be a blast,never usa would great cruisetour next year whatever gon na blast,2
" *waving* you wanna come get Diablo, he barked so much til he made himself sick",waving wan na come get diablo barked much til made sick,2
"Gonna miss you Nanna & Bampa, She going to the lake disdrict ):  Omg !! got disney channel. Miss you baby matt  Love you x Will do mitchel",gon na miss nanna bampa going lake disdrict omg got disney channel miss baby matt love x mitchel,2
" How can i vote, it wont let me, says they closed the votes in her category  i wanna vote",vote wont let says closed votes category wan na vote,2
 I`m gonna havta temp stop fllwing u while ur talkin abt kobe bc I loveeeeeeee him & I`m taking it personal and I like lebron 2.,im gon na havta temp stop fllwing u ur talkin abt kobe bc loveeeeeeee im taking personal like lebron,2
 you are such a beautiful bride! you`re gonna love the married life. it absolutely rocks! congrats to you both.,beautiful bride youre gon na love married life absolutely rocks congrats,2
" was it for the vma`s? i guess so.. also wanna go to london in june for demi lovato concert, but no one`s going with me",vmas guess also wan na go london june demi lovato concert ones going,2
_Obsession lol but its only gonna be 80  the water will prob be cold as heck...,obsession lol gon na water prob cold heck,2
GREG NOOOOO DON LEAVE ME  U SHUD HAVE GONE THROOOOOOOOOOOOOO!!!!!! im gonna find u restaurant don`t worry lol  cry cry cry,greg nooooo leave u shud gone throooooooooooooo im gon na find u restaurant dont worry lol cry cry cry,2
" Well, yeah. But my mom doesn`t wanna drive all the way to Sac if we were that far away.",well yeah mom doesnt wan na drive way sac far away,2
 (votes) sadly no.. but did you vote for my log yet?  I`m gonna vote for yours,votes sadly vote log yet im gon na vote,2
 ur gonna be missed you know  but i hope things will be better for you,ur gon na missed know hope things better,2
I feel sorry for male singers.  they are never gonna be as great Zac Hanson! Pooorr fellas,feel sorry male singers never gon na great zac hanson pooorr fellas,2
im still waitin for my girl to come home...i wanna go shopping,im still waitin girl come homei wan na go shopping,2
back to school! feels like its gonna be a great day,back school feels like gon na great day,2
"Ate Mandy, please forgive me. I really am sorry. I don`t wanna lose my Bff",ate mandy please forgive really sorry dont wan na lose bff,2
Good morning my sexy twitter how`s yall doing??? I`m gd but it`s like 7:49am n I still wanna sleep,good morning sexy twitter hows yall im gd like n still wan na sleep,2
 I miss you already. All the sad faces you texted me were seriously gonna make me cry.,miss already sad faces texted seriously gon na make cry,2
"I miss ya, Boyfriend!  When am I gonna see ya again? Br!Tt!!!",miss ya boyfriend gon na see ya brtt,2
"Graduation tonight  I`m gonna miss my boys...Mikey, Dustin, Miles, Charlie, Travy, Nicky, John, Jake, all my boys...I love you guys",graduation tonight im gon na miss boysmikey dustin miles charlie travy nicky john jake boysi love guys,2
 just stop talking if ur gonna be that mean,stop talking ur gon na mean,2
Muay Thai was awesome. I`m gonna be sore in the morning! I feel like being bad and eating junk tho,muay thai awesome im gon na sore morning feel like bad eating junk tho,2
just finished YSC runthrough for service! It`s gonna be awesome!  - http://tweet.sg,finished ysc runthrough service gon na awesome httptweetsg,2
"_mcc bye, Scotty!  i`m gonna miss you. ily<333",mcc bye scotty im gon na miss ily,2
I dont wanna get out of bed i wanna go back to sleep.. i have to open the store at work though,dont wan na get bed wan na go back sleep open store work though,2
 I WANNA GO.,wan na go,2
 He`s gonna do it for mothers day  Ever notice Papa looks like Squiggy from Laverne snd Shirley. I love him.,hes gon na mothers day ever notice papa looks like squiggy laverne snd shirley love,2
"aw! I`m gonna miss my old username... nick jonas, shontelle layne, and sean kingston replied to my OLD USERNAME!  I`m gonna start all over",aw im gon na miss old name nick jonas shontelle layne sean kingston replied old username im gon na start,2
 Are you guys gonna get the metal detector from the Brickmans? I saw Chad ask Davey on FB. Sorry `bout your ring,guys gon na get metal detector brickmans saw chad ask davey fb sorry bout ring,2
"Just had some strawberries for afternoon snack, I love strawberries!! Gonna make a strawberry smoothie tonight after the gym",strawberries afternoon snack love strawberries gon na make strawberry smoothie tonight gym,2
Just got back from the doctor... I don`t need surgery yayyy!!!!!! But my knees are still ****  not gonna get better,got back doctor dont need surgery yayyy knees still gon na get better,2
fully understands why these cats have cabin fever! Holy ****.. I really wanna be outside!!,fully understands cats cabin fever holy really wan na outside,2
Is off today and gonna go shopping!! T-minus 22 days til CUUUBA!!,today gon na go shopping tminus days til cuuuba,2
 You`re a real ****. I`m gonna slap you in public.,youre real im gon na slap public,2
last day of school and last concert of my life.. wow.. can you say emotional? im really gonna miss mhs..  had graduation practice today..,last day school last concert life wow say emotional im really gon na miss mhs graduation practice today,2
Finally gonna try and fall asleep goodnight.. More like morn... I sleeP,finally gon na try fall asleep goodnight like morn sleep,2
" How BOut What Your Doing Now, or what you gonna do today  lol",bout gon na today lol,2
(sigh) guess we`re not gonna meet up today.,sigh guess gon na meet today,2
happy mothers day to all..im gonna help mine right now.she deserves it..you guys should too..,happy mothers day allim gon na help mine right nowshe deserves ityou guys,2
I`m gonna miss them so much  I`m crying right now... :/,im gon na miss much im crying right,2
Gonna get my ticket to Las Vegas today. Gotta check my milage. Can`t wait till August,gon na get ticket las vegas today got ta check milage cant wait till august,2
 ._.; Thanxxx ! Now with that message I just wanna leave !! )= ! BYE !,thanxxx message wan na leave bye,2
 mama the boys gon be sweating her hard in Pre K  lol muah,mama boys gon sweating hard pre k lol muah,2
Finally home  Gonna hit the hay n sleep till noon lol,finally home gon na hit hay n sleep till noon lol,2
 http://www.CultureShockMag.com  shoutz 2  the mix on the site is gonna b nervvoouuss,httpwwwcultureshockmagcom shoutz mix site gon na b nervvoouuss,2
at work. these five year olds are gonna keep me young.,work five year olds gon na keep young,2
Mock AP Chemistry exam today! Then to Central Park!  Is there gonna be a AP Chem v. AP Bio tournament?!,mock ap chemistry exam today central park gon na ap chem v ap bio tournament,2
" As appealing as that is and the fact I would hop on it pretty quick, I dont wanna impose on your sacred bday hun with ur friends",appealing fact would hop pretty quick dont wan na impose sacred bday hun ur friends,2
 u have a lot  but the bad thing is we r gonna have finals all next week,u lot bad thing r gon na finals next week,2
"says 2 1/2 hours to go, uwian na. . .  [phplurk.com] http://plurk.com/p/sun82",says hours go uwian na phplurkcom httpplurkcompsun,2
"If you wanna read something, I recommend  http://estrella05azul.wordpress.com/",wan na read something recommend httpestrellaazulwordpresscom,2
cook ; do you wanna measure my ****? its daddy-size.,cook wan na measure daddysize,2
Were at citibank I thought we were gonna go to grannys house but were no,citibank thought gon na go grannys house,2
gonna go outside with my daddy... gonna take a ride with his new triumph!,gon na go outside daddy gon na take ride new triumph,2
"I`m just to far from where you are, I wanna go home...",im far wan na go home,2
"'Your gonna miss this, Your gonna want this back, Your gonna wish these days hadn`t gone by so fast'  So true I already miss this year",gon na miss gon na want back gon na wish days hadnt gone fast true already miss year,2
"wow, serious hard time sleeping. on a decongestant and its keeping me wide awake. I JUST WANNA SLEEP",wow serious hard time sleeping decongestant keeping wide awake wan na sleep,2
"gonna head to bed then work, then moncton to see Jill",gon na head bed work moncton see jill,2
 my gut feel says its gonna be a boy ababa,gut feel says gon na boy ababa,2
I wanna go shopping!! I don`t get paid till next week!!,wan na go shopping dont get paid till next week,2
Anyone want my chocolate nutella mochi? Its just gonna go to waste,anyone want chocolate nutella mochi gon na go waste,2
: Where did you get a copy? I wanna watch that also.,get copy wan na watch also,2
Waking up .....working....Happy as can be!  Its gonna be a great day today... I can see it..and im not sore from Running yesterday!!!,waking workinghappy gon na great day today see itand im sore running yesterday,2
 you`re not gonna paint me? oh well  ;),youre gon na paint oh well,2
"Doing my FF later, too busy making up plans for today. Beshie   is gonna be in DC June 5-6 for a bball game.",ff later busy making plans today beshie gon na dc june bball game,2
 not gonna ask what a boom boom is!  morning.,gon na ask boom boom morning,2
**** i`m gonna miss the grand prix.I`m going to have to try and sneak back to the room,im gon na miss grand prixim going try sneak back room,2
 Yeaup. I was gonna tell ya that,yeaup gon na tell ya,2
" if you register now, you`ll be able to buy in pre-presale next year. Saturday`s gonna be mayhem on internet, wake up early girl",register youll able buy prepresale next year saturdays gon na mayhem internet wake early girl,2
"ï¿½ï¿½h. iï¿½m gonna go in the 'big' house now, borrow my sis guitar and play and maybe write",h im gon na go big house borrow sis guitar play maybe write,2
I don`t wanna be single the rest of my life,dont wan na single rest life,2
"my brain is gonna explode, a minute from now ) it is full of numbers @-) this should be the cliiimb. :-j i`m climbing the: mt. numbers.",brain gon na explode minute full numbers cliiimb j im climbing mt numbers,2
 Glad TS brought it! Sorry about ur foot shorty...ur gonna have to relax wit the heels,glad ts brought sorry ur foot shortyur gon na relax wit heels,2
Having horrible nightmares not gonna go back to sleep,horrible nightmares gon na go back sleep,2
 im probs gonna have to wait until it comes out on dvd  x,im probs gon na wait comes dvd x,2
   Woot! lol  It`s gonna be hard to send this one back,woot lol gon na hard send one back,2
 o iight we gonna miss you tonight,iight gon na miss tonight,2
I don`t wanna be a **** when I go to Europe. Need to eat right but it`s so difficult,dont wan na go europe need eat right difficult,2
 aww...  try to rest na lang muna... ^^,aww try rest na lang muna,2
gonna get a tan. i am so white,gon na get tan white,2
"is @ school, we`re gonna learn how to use skype",school gon na learn use skype,2
i wanna go out,wan na go,2
"It started out so lovely this morning, now looks like it`s gonna chuck it down",started lovely morning looks like gon na chuck,2
i wanna good breakfast with   school is wiggity whack!,wan na good breakfast school wiggity whack,2
 I love you Thomas.I will always respect and support your decision.and I`ll miss you  but you`re gonna do amazing things <3 you,love thomasi always respect support decisionand ill miss youre gon na amazing things,2
 i wanna play  golf,wan na play golf,2
 i`m totally gonna have money to actually buy a pair of shoes this time,im totally gon na money actually buy pair shoes time,2
I wanna see that movie 'Keith' with JMcCartney in it! It looks sooo good. But none of the video stores here carry it,wan na see movie keith jmccartney looks sooo good none video stores carry,2
"Time to get ready for wrk! Ahhhh, I dnt wanna goooo!",time get ready wrk ahhhh dnt wan na goooo,2
"  oist the 1st tym, di pa ko 18, the 2nd tym, may sakit na siya... don`t blame me",oist st tym di pa ko nd tym may sakit na siya dont blame,2
I wanna be out in the sunshineeeeeee,wan na sunshineeeeeee,2
 A week away from 21 huh!? So what do you wanna sip on - I got `cha! Shhh... we won`t tell  Love you!,week away huh wan na sip got cha shhh wont tell love,2
i`m gonna miss all the live Comet action tomorrow! i have to go take care of my cousins and they don`t have access to the interwebz,im gon na miss live comet action tomorrow go take care cousins dont access interwebz,2
" just got in, gonna go upto bed in a sec, not drunk! I`m disgusted with myself  haha",got gon na go upto bed sec drunk im disgusted haha,2
 i miss you  when are you gonna be down in irvine again?? liz and i were just reminiscing about all our adventures.,miss gon na irvine liz reminiscing adventures,2
"Urghh, I`m gonna do my project now  don`t wanna waste valuable weekend time",urghh im gon na project dont wan na waste valuable weekend time,2
 yeah... it`s gonna be a long while for me.,yeah gon na long,2
Gonna run to the gym to get my workout in before my really f`kin big pile of mulch arrives at around 8 or 9am! I`m excited about my mulch,gon na run gym get workout really fkin big pile mulch arrives around im excited mulch,2
"gonna be in bed soon as Friday`s over soon,   would like to plug in!!",gon na bed soon fridays soon would like plug,2
just got out of the pool!!   so fun..now gonna watch tv and do stuff on the computer. (:,got pool funnow gon na watch tv stuff computer,2
I think I`m gonna try to go vegetarian again....and no soda and majorly cutback on beer...too many carbs....but its so yummyyy,think im gon na try go vegetarian againand soda majorly cutback beertoo many carbsbut yummyyy,2
I soo wanna eat McDonalds Fries,soo wan na eat mcdonalds fries,2
 I still have them!! Yay! Gonna eat some now,still yay gon na eat,2
"After France I was gonna spend more time in the sun, to overcome my negative reaction to it. Yep, in Netherlands. Good luck to me",france gon na spend time sun overcome negative reaction yep netherlands good luck,2
in science class right now... urgh... stupid project.. don`t wanna go to track after school! too tired!  lol,science class right urgh stupid project dont wan na go track school tired lol,2
Idk yet!!! _Gyrl I wanna go soon tho...but I want more tweeps to be there,idk yet gyrl wan na go soon thobut want tweeps,2
i wanna leave work already! Not feelin it 2day,wan na leave work already feelin day,2
"i`m defying gravity. and nobody in alll of oz, no wizard that there is or was, is ever gonna bring me down",im defying gravity nobody alll oz wizard ever gon na bring,2
I wanna live in a world where Vanessa Hudgens and Zac Efron get back together,wan na live world vanessa hudgens zac efron get back together,2
Watching #thankyouobama on @user this @user 'u make me wanna' remix using that sweet sable 'old times sake' beat was 🔥🔥🔥very unexpected,watching thankyouobama u make wan na remix using sweet sable old times sake beat unexpected,2
@user I wanna sue the electoral college. Someone is...I asked if it could be class action.  U R legal eagle..can we?,wan na sue electoral college someone isi asked could class action u r legal eaglecan,2
